timeBin,Bin Start Time,Bin End Time,"Total, GB/sec:Self"
0,0.000,0.120,1.855
1,0.120,0.239,1.540
2,0.239,0.359,1.433
3,0.359,0.479,1.551
4,0.479,0.598,1.720
5,0.598,0.718,1.484
6,0.718,0.838,1.686
7,0.838,0.957,1.732
8,0.957,1.077,1.578
9,1.077,1.197,1.711
10,1.197,1.316,1.694
11,1.316,1.436,1.722
12,1.436,1.556,1.153
13,1.556,1.675,0.262
14,1.675,1.795,0.316
15,1.795,1.914,0.191
16,1.914,2.034,0.215
17,2.034,2.154,0.270
18,2.154,2.273,0.266
19,2.273,2.393,0.305
20,2.393,2.513,0.368
21,2.513,2.632,0.747
22,2.632,2.752,0.376
23,2.752,2.872,0.258
24,2.872,2.991,0.501
25,2.991,3.111,0.366
26,3.111,3.231,0.365
27,3.231,3.350,0.428
28,3.350,3.470,0.323
29,3.470,3.590,0.768
30,3.590,3.709,0.525
31,3.709,3.829,1.039
32,3.829,3.949,1.494
33,3.949,4.068,1.043
34,4.068,4.188,1.825
35,4.188,4.308,0.729
36,4.308,4.427,1.084
37,4.427,4.547,0.967
38,4.547,4.667,0.602
39,4.667,4.786,0.335
40,4.786,4.906,0.460
41,4.906,5.025,0.416
42,5.025,5.145,0.574
43,5.145,5.265,0.640
44,5.265,5.384,0.844
45,5.384,5.504,0.759
46,5.504,5.624,0.567
47,5.624,5.743,0.627
48,5.743,5.863,0.734
49,5.863,5.983,0.706
50,5.983,6.102,0.404
51,6.102,6.222,0.384
52,6.222,6.342,0.546
53,6.342,6.461,0.999
54,6.461,6.581,0.636
55,6.581,6.701,0.284
56,6.701,6.820,0.206
57,6.820,6.940,0.364
58,6.940,7.060,0.390
59,7.060,7.179,0.418
60,7.179,7.299,0.352
61,7.299,7.419,0.947
62,7.419,7.538,1.541
63,7.538,7.658,0.295
64,7.658,7.778,0.702
65,7.778,7.897,1.210
66,7.897,8.017,2.777
67,8.017,8.136,1.005
68,8.136,8.256,1.020
69,8.256,8.376,0.998
70,8.376,8.495,1.217
71,8.495,8.615,0.909
72,8.615,8.735,0.905
73,8.735,8.854,0.999
74,8.854,8.974,0.694
75,8.974,9.094,0.539
76,9.094,9.213,0.811
77,9.213,9.333,2.711
78,9.333,9.453,2.671
79,9.453,9.572,2.818
80,9.572,9.692,2.917
81,9.692,9.812,3.821
82,9.812,9.931,4.343
83,9.931,10.051,9.723
84,10.051,10.171,14.534
85,10.171,10.290,14.432
86,10.290,10.410,12.662
87,10.410,10.530,15.129
88,10.530,10.649,14.573
89,10.649,10.769,14.845
90,10.769,10.889,13.281
91,10.889,11.008,10.752
92,11.008,11.128,13.129
93,11.128,11.247,14.136
94,11.247,11.367,14.640
95,11.367,11.487,12.307
96,11.487,11.606,12.091
97,11.606,11.726,9.371
98,11.726,11.846,7.270
99,11.846,11.965,8.376
100,11.965,12.085,13.633
101,12.085,12.205,14.340
102,12.205,12.324,14.403
103,12.324,12.444,11.908
104,12.444,12.564,9.724
105,12.564,12.683,8.152
106,12.683,12.803,9.331
107,12.803,12.923,14.916
108,12.923,13.042,14.898
109,13.042,13.162,13.541
110,13.162,13.282,11.734
111,13.282,13.401,7.979
112,13.401,13.521,7.926
113,13.521,13.641,10.061
114,13.641,13.760,14.592
115,13.760,13.880,12.513
116,13.880,14.000,12.434
117,14.000,14.119,13.359
118,14.119,14.239,13.893
119,14.239,14.358,10.659
120,14.358,14.478,8.534
121,14.478,14.598,8.272
122,14.598,14.717,11.179
123,14.717,14.837,14.456
124,14.837,14.957,14.438
125,14.957,15.076,14.322
126,15.076,15.196,13.155
127,15.196,15.316,9.008
128,15.316,15.435,9.033
129,15.435,15.555,11.272
130,15.555,15.675,14.331
131,15.675,15.794,14.287
132,15.794,15.914,13.619
133,15.914,16.034,15.104
134,16.034,16.153,8.920
135,16.153,16.273,8.917
136,16.273,16.393,9.701
137,16.393,16.512,14.487
138,16.512,16.632,14.582
139,16.632,16.752,10.652
140,16.752,16.871,6.261
141,16.871,16.991,7.876
142,16.991,17.111,6.639
143,17.111,17.230,9.720
144,17.230,17.350,7.403
145,17.350,17.469,7.643
146,17.469,17.589,6.677
147,17.589,17.709,9.088
148,17.709,17.828,9.929
149,17.828,17.948,9.517
150,17.948,18.068,8.032
151,18.068,18.187,7.438
152,18.187,18.307,7.557
153,18.307,18.427,8.255
154,18.427,18.546,9.030
155,18.546,18.666,7.473
156,18.666,18.786,7.670
157,18.786,18.905,8.493
158,18.905,19.025,10.673
159,19.025,19.145,10.507
160,19.145,19.264,10.231
161,19.264,19.384,10.112
162,19.384,19.504,8.391
163,19.504,19.623,4.535
164,19.623,19.743,3.267
165,19.743,19.863,3.017
166,19.863,19.982,2.917
167,19.982,20.102,2.888
168,20.102,20.222,2.860
169,20.222,20.341,4.851
170,20.341,20.461,15.063
171,20.461,20.580,11.470
172,20.580,20.700,8.943
173,20.700,20.820,9.877
174,20.820,20.939,3.703
175,20.939,21.059,2.796
176,21.059,21.179,2.800
177,21.179,21.298,2.808
178,21.298,21.418,2.775
179,21.418,21.538,2.709
180,21.538,21.657,2.848
181,21.657,21.777,2.779
182,21.777,21.897,2.849
183,21.897,22.016,2.740
184,22.016,22.136,2.773
185,22.136,22.256,2.782
186,22.256,22.375,2.748
187,22.375,22.495,2.767
188,22.495,22.615,2.812
189,22.615,22.734,2.719
190,22.734,22.854,2.745
191,22.854,22.974,2.709
192,22.974,23.093,2.738
193,23.093,23.213,4.079
194,23.213,23.333,5.133
195,23.333,23.452,5.866
196,23.452,23.572,10.942
197,23.572,23.691,11.649
198,23.691,23.811,15.441
199,23.811,23.931,13.168
200,23.931,24.050,10.183
201,24.050,24.170,11.854
202,24.170,24.290,13.295
203,24.290,24.409,14.449
204,24.409,24.529,13.860
205,24.529,24.649,14.492
206,24.649,24.768,12.084
207,24.768,24.888,9.502
208,24.888,25.008,9.276
209,25.008,25.127,12.713
210,25.127,25.247,13.980
211,25.247,25.367,14.137
212,25.367,25.486,13.824
213,25.486,25.606,14.451
214,25.606,25.726,12.182
215,25.726,25.845,9.504
216,25.845,25.965,7.874
217,25.965,26.085,11.309
218,26.085,26.204,12.783
219,26.204,26.324,14.554
220,26.324,26.444,12.905
221,26.444,26.563,15.007
222,26.563,26.683,14.079
223,26.683,26.802,11.929
224,26.802,26.922,10.575
225,26.922,27.042,8.581
226,27.042,27.161,13.011
227,27.161,27.281,13.076
228,27.281,27.401,13.648
229,27.401,27.520,12.802
230,27.520,27.640,14.334
231,27.640,27.760,13.460
232,27.760,27.879,12.822
233,27.879,27.999,9.482
234,27.999,28.119,8.561
235,28.119,28.238,11.843
236,28.238,28.358,13.321
237,28.358,28.478,14.500
238,28.478,28.597,14.148
239,28.597,28.717,13.384
240,28.717,28.837,17.203
241,28.837,28.956,15.304
242,28.956,29.076,12.269
243,29.076,29.196,12.787
244,29.196,29.315,9.837
245,29.315,29.435,12.921
246,29.435,29.555,13.210
247,29.555,29.674,14.364
248,29.674,29.794,12.500
249,29.794,29.913,10.987
250,29.913,30.033,9.910
251,30.033,30.153,9.294
252,30.153,30.272,11.070
253,30.272,30.392,12.908
254,30.392,30.512,14.250
255,30.512,30.631,12.239
256,30.631,30.751,11.452
257,30.751,30.871,10.010
258,30.871,30.990,10.064
259,30.990,31.110,8.449
260,31.110,31.230,6.600
261,31.230,31.349,12.262
262,31.349,31.469,12.680
263,31.469,31.589,13.455
264,31.589,31.708,13.374
265,31.708,31.828,9.714
266,31.828,31.948,11.137
267,31.948,32.067,10.792
268,32.067,32.187,9.354
269,32.187,32.307,8.249
270,32.307,32.426,7.956
271,32.426,32.546,8.558
272,32.546,32.666,7.954
273,32.666,32.785,8.812
274,32.785,32.905,7.559
275,32.905,33.024,7.554
276,33.024,33.144,8.576
277,33.144,33.264,10.621
278,33.264,33.383,9.023
279,33.383,33.503,7.604
280,33.503,33.623,7.529
281,33.623,33.742,8.278
282,33.742,33.862,8.385
283,33.862,33.982,7.501
284,33.982,34.101,7.677
285,34.101,34.221,9.094
286,34.221,34.341,10.717
287,34.341,34.460,10.820
288,34.460,34.580,10.307
289,34.580,34.700,9.456
290,34.700,34.819,5.601
291,34.819,34.939,4.237
292,34.939,35.059,3.788
293,35.059,35.178,3.782
294,35.178,35.298,3.724
295,35.298,35.418,3.712
296,35.418,35.537,3.776
297,35.537,35.657,3.718
298,35.657,35.777,3.803
299,35.777,35.896,3.747
300,35.896,36.016,3.687
301,36.016,36.135,3.724
302,36.135,36.255,3.772
303,36.255,36.375,3.823
304,36.375,36.494,3.834
305,36.494,36.614,3.716
306,36.614,36.734,3.762
307,36.734,36.853,3.740
308,36.853,36.973,3.839
309,36.973,37.093,6.898
310,37.093,37.212,11.391
311,37.212,37.332,5.996
312,37.332,37.452,4.249
313,37.452,37.571,4.270
314,37.571,37.691,4.634
315,37.691,37.811,4.758
316,37.811,37.930,4.768
317,37.930,38.050,4.288
318,38.050,38.170,4.031
319,38.170,38.289,3.230
320,38.289,38.409,1.165
321,38.409,38.529,0.149
322,38.529,38.648,0.128
323,38.648,38.768,0.252
324,38.768,38.888,0.041
325,38.888,39.007,0.062
326,39.007,39.127,0.136
327,39.127,39.246,0.116
328,39.246,39.366,0.128
329,39.366,39.486,0.085
330,39.486,39.605,0.116
331,39.605,39.725,0.086
332,39.725,39.845,0.112
333,39.845,39.964,0.163
334,39.964,40.084,0.046
335,40.084,40.204,0.076
336,40.204,40.323,0.110
337,40.323,40.443,0.125
338,40.443,40.563,0.098
339,40.563,40.682,0.096
340,40.682,40.802,0.046
341,40.802,40.922,0.106
342,40.922,41.041,0.081
343,41.041,41.161,0.085
344,41.161,41.281,0.777
345,41.281,41.400,0.712
346,41.400,41.520,1.665
347,41.520,41.640,3.904
348,41.640,41.759,3.467
349,41.759,41.879,3.377
350,41.879,41.999,4.392
351,41.999,42.118,4.906
352,42.118,42.238,5.531
353,42.238,42.357,4.328
354,42.357,42.477,3.974
355,42.477,42.597,8.825
356,42.597,42.716,12.075
357,42.716,42.836,11.589
358,42.836,42.956,8.309
359,42.956,43.075,5.338
360,43.075,43.195,3.933
361,43.195,43.315,3.864
362,43.315,43.434,4.012
363,43.434,43.554,4.355
364,43.554,43.674,9.171
365,43.674,43.793,5.438
366,43.793,43.913,4.395
367,43.913,44.033,3.736
368,44.033,44.152,3.793
369,44.152,44.272,3.906
370,44.272,44.392,3.888
371,44.392,44.511,4.092
372,44.511,44.631,4.055
373,44.631,44.751,5.430
374,44.751,44.870,12.097
375,44.870,44.990,11.285
376,44.990,45.110,8.971
377,45.110,45.229,8.962
378,45.229,45.349,8.896
379,45.349,45.468,8.527
380,45.468,45.588,8.074
381,45.588,45.708,7.931
382,45.708,45.827,5.371
383,45.827,45.947,5.184
384,45.947,46.067,0.694
385,46.067,46.186,6.862
386,46.186,46.306,7.369
387,46.306,46.426,6.739
388,46.426,46.545,6.733
389,46.545,46.665,5.261
390,46.665,46.785,0.597
391,46.785,46.904,0.431
392,46.904,47.024,0.416
393,47.024,47.144,0.460
394,47.144,47.263,0.448
395,47.263,47.383,1.297
396,47.383,47.503,0.565
397,47.503,47.622,0.389
398,47.622,47.742,1.086
399,47.742,47.862,2.697
400,47.862,47.981,3.666
401,47.981,48.101,9.077
402,48.101,48.221,9.612
403,48.221,48.340,5.090
404,48.340,48.460,3.439
405,48.460,48.579,4.112
406,48.579,48.699,4.806
407,48.699,48.819,3.730
408,48.819,48.938,3.776
409,48.938,49.058,3.731
410,49.058,49.178,3.813
411,49.178,49.297,3.825
412,49.297,49.417,3.813
413,49.417,49.537,3.839
414,49.537,49.656,3.923
415,49.656,49.776,11.888
416,49.776,49.896,12.450
417,49.896,50.015,12.408
418,50.015,50.135,10.932
419,50.135,50.255,3.906
420,50.255,50.374,6.314
421,50.374,50.494,9.915
422,50.494,50.614,12.223
423,50.614,50.733,12.878
424,50.733,50.853,12.575
425,50.853,50.973,11.913
426,50.973,51.092,13.724
427,51.092,51.212,13.555
428,51.212,51.332,10.027
429,51.332,51.451,9.428
430,51.451,51.571,9.469
431,51.571,51.690,7.102
432,51.690,51.810,6.198
433,51.810,51.930,6.049
434,51.930,52.049,6.080
435,52.049,52.169,5.610
436,52.169,52.289,5.858
437,52.289,52.408,5.504
438,52.408,52.528,4.226
439,52.528,52.648,4.062
440,52.648,52.767,5.267
441,52.767,52.887,5.720
442,52.887,53.007,5.006
443,53.007,53.126,4.546
444,53.126,53.246,4.214
445,53.246,53.366,4.212
446,53.366,53.485,4.600
447,53.485,53.605,4.056
448,53.605,53.725,4.948
449,53.725,53.844,12.314
450,53.844,53.964,11.690
451,53.964,54.084,5.895
452,54.084,54.203,5.100
453,54.203,54.323,5.537
454,54.323,54.443,5.744
455,54.443,54.562,4.331
456,54.562,54.682,5.012
457,54.682,54.801,5.922
458,54.801,54.921,4.564
459,54.921,55.041,3.715
460,55.041,55.160,4.082
461,55.160,55.280,4.233
462,55.280,55.400,7.240
463,55.400,55.519,12.699
464,55.519,55.639,12.138
465,55.639,55.759,12.322
466,55.759,55.878,8.203
467,55.878,55.998,4.943
468,55.998,56.118,3.889
469,56.118,56.237,3.610
470,56.237,56.357,4.668
471,56.357,56.477,3.585
472,56.477,56.596,3.712
473,56.596,56.716,3.827
474,56.716,56.836,3.978
475,56.836,56.955,4.210
476,56.955,57.075,6.738
477,57.075,57.195,10.132
478,57.195,57.314,6.989
479,57.314,57.434,5.220
480,57.434,57.554,9.017
481,57.554,57.673,13.000
482,57.673,57.793,12.434
483,57.793,57.912,12.270
484,57.912,58.032,12.080
485,58.032,58.152,5.114
486,58.152,58.271,3.773
487,58.271,58.391,3.991
488,58.391,58.511,5.219
489,58.511,58.630,3.806
490,58.630,58.750,3.836
491,58.750,58.870,3.830
492,58.870,58.989,3.909
493,58.989,59.109,3.999
494,59.109,59.229,3.926
495,59.229,59.348,4.527
496,59.348,59.468,6.252
497,59.468,59.588,9.493
498,59.588,59.707,12.335
499,59.707,59.827,12.660
500,59.827,59.947,12.135
501,59.947,60.066,12.475
502,60.066,60.186,7.888
503,60.186,60.306,5.471
504,60.306,60.425,10.482
505,60.425,60.545,11.144
506,60.545,60.665,11.835
507,60.665,60.784,12.546
508,60.784,60.904,9.700
509,60.904,61.023,10.537
510,61.023,61.143,7.229
511,61.143,61.263,5.611
512,61.263,61.382,10.121
513,61.382,61.502,12.703
514,61.502,61.622,13.543
515,61.622,61.741,12.916
516,61.741,61.861,5.453
517,61.861,61.981,5.881
518,61.981,62.100,6.029
519,62.100,62.220,6.303
520,62.220,62.340,5.070
521,62.340,62.459,4.909
522,62.459,62.579,4.337
523,62.579,62.699,3.955
524,62.699,62.818,3.959
525,62.818,62.938,3.996
526,62.938,63.058,3.995
527,63.058,63.177,4.027
528,63.177,63.297,3.997
529,63.297,63.417,4.135
530,63.417,63.536,3.830
531,63.536,63.656,1.771
532,63.656,63.776,1.555
533,63.776,63.895,1.594
534,63.895,64.015,1.364
535,64.015,64.134,3.660
536,64.134,64.254,5.814
537,64.254,64.374,10.620
538,64.374,64.493,12.456
539,64.493,64.613,5.503
540,64.613,64.733,2.980
541,64.733,64.852,2.972
542,64.852,64.972,5.639
543,64.972,65.092,5.182
544,65.092,65.211,5.342
545,65.211,65.331,5.485
546,65.331,65.451,5.374
547,65.451,65.570,5.565
548,65.570,65.690,5.653
549,65.690,65.810,5.647
550,65.810,65.929,5.781
551,65.929,66.049,5.777
552,66.049,66.169,5.736
553,66.169,66.288,5.899
554,66.288,66.408,8.757
555,66.408,66.528,10.838
556,66.528,66.647,8.327
557,66.647,66.767,5.436
558,66.767,66.887,5.089
559,66.887,67.006,5.090
560,67.006,67.126,5.942
561,67.126,67.245,6.044
562,67.245,67.365,5.844
563,67.365,67.485,5.848
564,67.485,67.604,5.859
565,67.604,67.724,5.850
566,67.724,67.844,5.897
567,67.844,67.963,5.865
568,67.963,68.083,5.710
569,68.083,68.203,6.435
570,68.203,68.322,10.812
571,68.322,68.442,10.847
572,68.442,68.562,11.466
573,68.562,68.681,7.684
574,68.681,68.801,6.067
575,68.801,68.921,5.950
576,68.921,69.040,5.827
577,69.040,69.160,5.899
578,69.160,69.280,5.862
579,69.280,69.399,5.907
580,69.399,69.519,5.973
581,69.519,69.639,6.011
582,69.639,69.758,6.016
583,69.758,69.878,6.104
584,69.878,69.998,6.176
585,69.998,70.117,6.150
586,70.117,70.237,9.010
587,70.237,70.356,9.861
588,70.356,70.476,11.908
589,70.476,70.596,12.915
590,70.596,70.715,6.019
591,70.715,70.835,6.237
592,70.835,70.955,6.145
593,70.955,71.074,6.086
594,71.074,71.194,6.232
595,71.194,71.314,5.732
596,71.314,71.433,4.502
597,71.433,71.553,3.642
598,71.553,71.673,3.165
599,71.673,71.792,3.270
600,71.792,71.912,2.463
601,71.912,72.032,2.061
602,72.032,72.151,1.796
603,72.151,72.271,3.509
604,72.271,72.391,9.857
605,72.391,72.510,12.738
606,72.510,72.630,6.798
607,72.630,72.750,1.896
608,72.750,72.869,1.878
609,72.869,72.989,1.973
610,72.989,73.109,1.867
611,73.109,73.228,1.891
612,73.228,73.348,2.339
613,73.348,73.467,1.778
614,73.467,73.587,2.022
615,73.587,73.707,1.828
616,73.707,73.826,1.911
617,73.826,73.946,1.859
618,73.946,74.066,1.723
619,74.066,74.185,1.767
620,74.185,74.305,1.786
621,74.305,74.425,1.793
622,74.425,74.544,1.823
623,74.544,74.664,1.903
624,74.664,74.784,1.866
625,74.784,74.903,1.750
626,74.903,75.023,1.628
627,75.023,75.143,1.737
628,75.143,75.262,5.753
629,75.262,75.382,8.769
630,75.382,75.502,1.842
631,75.502,75.621,1.920
632,75.621,75.741,1.874
633,75.741,75.861,1.895
634,75.861,75.980,1.814
635,75.980,76.100,1.834
636,76.100,76.220,1.860
637,76.220,76.339,2.039
638,76.339,76.459,1.767
639,76.459,76.578,1.798
640,76.578,76.698,1.919
641,76.698,76.818,1.940
642,76.818,76.937,2.088
643,76.937,77.057,1.830
644,77.057,77.177,1.994
645,77.177,77.296,1.810
646,77.296,77.416,1.825
647,77.416,77.536,1.725
648,77.536,77.655,1.795
649,77.655,77.775,2.008
650,77.775,77.895,2.117
651,77.895,78.014,1.997
652,78.014,78.134,9.845
653,78.134,78.254,5.513
654,78.254,78.373,1.816
655,78.373,78.493,2.477
656,78.493,78.613,1.874
657,78.613,78.732,2.111
658,78.732,78.852,2.086
659,78.852,78.972,2.167
660,78.972,79.091,2.002
661,79.091,79.211,1.961
662,79.211,79.331,2.103
663,79.331,79.450,2.043
664,79.450,79.570,1.976
665,79.570,79.689,2.155
666,79.689,79.809,2.008
667,79.809,79.929,1.950
668,79.929,80.048,1.994
669,80.048,80.168,2.107
670,80.168,80.288,2.267
671,80.288,80.407,1.949
672,80.407,80.527,2.101
673,80.527,80.647,9.323
674,80.647,80.766,6.525
675,80.766,80.886,2.464
676,80.886,81.006,2.713
677,81.006,81.125,2.708
678,81.125,81.245,3.272
679,81.245,81.365,3.825
680,81.365,81.484,3.990
681,81.484,81.604,4.695
682,81.604,81.724,4.641
683,81.724,81.843,6.202
684,81.843,81.963,7.762
685,81.963,82.083,9.295
686,82.083,82.202,10.099
687,82.202,82.322,12.106
688,82.322,82.442,10.744
689,82.442,82.561,12.455
690,82.561,82.681,12.200
691,82.681,82.800,12.211
692,82.800,82.920,12.966
693,82.920,83.040,12.159
694,83.040,83.159,12.588
695,83.159,83.279,12.294
696,83.279,83.399,10.062
697,83.399,83.518,13.014
698,83.518,83.638,13.948
699,83.638,83.758,12.153
700,83.758,83.877,12.666
701,83.877,83.997,12.326
702,83.997,84.117,11.369
703,84.117,84.236,10.243
704,84.236,84.356,11.221
705,84.356,84.476,10.760
706,84.476,84.595,10.647
707,84.595,84.715,10.094
708,84.715,84.835,9.793
709,84.835,84.954,8.889
710,84.954,85.074,9.138
711,85.074,85.194,10.211
712,85.194,85.313,9.818
713,85.313,85.433,9.958
714,85.433,85.553,9.877
715,85.553,85.672,10.077
716,85.672,85.792,10.916
717,85.792,85.911,14.169
718,85.911,86.031,12.507
719,86.031,86.151,9.320
720,86.151,86.270,9.282
721,86.270,86.390,8.174
722,86.390,86.510,7.660
723,86.510,86.629,7.574
724,86.629,86.749,7.289
725,86.749,86.869,7.319
726,86.869,86.988,7.434
727,86.988,87.108,7.679
728,87.108,87.228,7.165
729,87.228,87.347,5.606
730,87.347,87.467,4.653
731,87.467,87.587,8.057
732,87.587,87.706,11.284
733,87.706,87.826,10.887
734,87.826,87.946,4.716
735,87.946,88.065,4.947
736,88.065,88.185,4.903
737,88.185,88.305,4.402
738,88.305,88.424,3.636
739,88.424,88.544,3.930
740,88.544,88.664,2.567
741,88.664,88.783,1.628
742,88.783,88.903,1.422
743,88.903,89.022,0.688
744,89.022,89.142,3.542
745,89.142,89.262,5.135
746,89.262,89.381,3.498
747,89.381,89.501,8.607
748,89.501,89.621,11.248
749,89.621,89.740,6.981
750,89.740,89.860,3.442
751,89.860,89.980,3.725
752,89.980,90.099,3.990
753,90.099,90.219,3.887
754,90.219,90.339,3.750
755,90.339,90.458,3.557
756,90.458,90.578,3.639
757,90.578,90.698,3.673
758,90.698,90.817,3.600
759,90.817,90.937,3.649
760,90.937,91.057,3.630
761,91.057,91.176,3.738
762,91.176,91.296,3.866
763,91.296,91.416,3.817
764,91.416,91.535,3.764
765,91.535,91.655,3.946
766,91.655,91.775,9.662
767,91.775,91.894,12.254
768,91.894,92.014,4.316
769,92.014,92.133,3.603
770,92.133,92.253,2.326
771,92.253,92.373,2.103
772,92.373,92.492,1.927
773,92.492,92.612,1.874
774,92.612,92.732,1.958
775,92.732,92.851,1.932
776,92.851,92.971,1.947
777,92.971,93.091,2.109
778,93.091,93.210,2.148
779,93.210,93.330,2.131
780,93.330,93.450,2.133
781,93.450,93.569,2.096
782,93.569,93.689,2.165
783,93.689,93.809,2.329
784,93.809,93.928,3.023
785,93.928,94.048,10.186
786,94.048,94.168,12.194
787,94.168,94.287,2.808
788,94.287,94.407,2.678
789,94.407,94.527,3.433
790,94.527,94.646,4.635
791,94.646,94.766,5.577
792,94.766,94.886,6.899
793,94.886,95.005,8.692
794,95.005,95.125,11.869
795,95.125,95.244,12.838
796,95.244,95.364,10.093
797,95.364,95.484,13.790
798,95.484,95.603,13.451
799,95.603,95.723,12.558
800,95.723,95.843,13.305
801,95.843,95.962,12.279
802,95.962,96.082,12.903
803,96.082,96.202,12.923
804,96.202,96.321,12.876
805,96.321,96.441,13.178
806,96.441,96.561,12.149
807,96.561,96.680,11.170
808,96.680,96.800,14.238
809,96.800,96.920,14.235
810,96.920,97.039,13.120
811,97.039,97.159,10.459
812,97.159,97.279,11.075
813,97.279,97.398,10.825
814,97.398,97.518,10.450
815,97.518,97.638,9.900
816,97.638,97.757,9.442
817,97.757,97.877,8.768
818,97.877,97.997,9.483
819,97.997,98.116,9.647
820,98.116,98.236,9.386
821,98.236,98.355,8.631
822,98.355,98.475,9.051
823,98.475,98.595,9.561
824,98.595,98.714,9.644
825,98.714,98.834,9.606
826,98.834,98.954,9.890
827,98.954,99.073,9.472
828,99.073,99.193,11.031
829,99.193,99.313,13.745
830,99.313,99.432,12.943
831,99.432,99.552,4.721
832,99.552,99.672,3.360
833,99.672,99.791,9.034
834,99.791,99.911,8.161
835,99.911,100.031,6.305
836,100.031,100.150,6.349
837,100.150,100.270,5.384
838,100.270,100.390,4.916
839,100.390,100.509,5.082
840,100.509,100.629,5.219
841,100.629,100.749,5.404
842,100.749,100.868,5.351
843,100.868,100.988,5.580
844,100.988,101.108,13.098
845,101.108,101.227,12.874
846,101.227,101.347,5.358
847,101.347,101.466,5.110
848,101.466,101.586,4.130
849,101.586,101.706,3.161
850,101.706,101.825,1.397
851,101.825,101.945,0.934
852,101.945,102.065,4.250
853,102.065,102.184,4.701
854,102.184,102.304,3.657
855,102.304,102.424,3.605
856,102.424,102.543,3.677
857,102.543,102.663,3.654
858,102.663,102.783,3.660
859,102.783,102.902,6.228
860,102.902,103.022,13.583
861,103.022,103.142,3.909
862,103.142,103.261,3.523
863,103.261,103.381,3.775
864,103.381,103.501,4.001
865,103.501,103.620,4.006
866,103.620,103.740,3.986
867,103.740,103.860,4.028
868,103.860,103.979,4.034
869,103.979,104.099,4.077
870,104.099,104.219,4.064
871,104.219,104.338,3.996
872,104.338,104.458,4.182
873,104.458,104.577,3.728
874,104.577,104.697,3.079
875,104.697,104.817,3.031
876,104.817,104.936,2.425
877,104.936,105.056,11.253
878,105.056,105.176,3.962
879,105.176,105.295,2.145
880,105.295,105.415,1.964
881,105.415,105.535,1.993
882,105.535,105.654,2.279
883,105.654,105.774,2.089
884,105.774,105.894,2.066
885,105.894,106.013,2.161
886,106.013,106.133,2.113
887,106.133,106.253,2.196
888,106.253,106.372,2.387
889,106.372,106.492,2.215
890,106.492,106.612,2.477
891,106.612,106.731,2.225
892,106.731,106.851,2.563
893,106.851,106.971,3.108
894,106.971,107.090,5.501
895,107.090,107.210,12.552
896,107.210,107.330,5.053
897,107.330,107.449,8.388
898,107.449,107.569,10.074
899,107.569,107.688,12.580
900,107.688,107.808,12.989
901,107.808,107.928,12.571
902,107.928,108.047,12.538
903,108.047,108.167,12.448
904,108.167,108.287,12.342
905,108.287,108.406,11.877
906,108.406,108.526,12.843
907,108.526,108.646,12.399
908,108.646,108.765,12.349
909,108.765,108.885,12.823
910,108.885,109.005,12.784
911,109.005,109.124,11.401
912,109.124,109.244,11.021
913,109.244,109.364,11.250
914,109.364,109.483,10.501
915,109.483,109.603,10.999
916,109.603,109.723,12.535
917,109.723,109.842,12.981
918,109.842,109.962,13.404
919,109.962,110.082,8.272
920,110.082,110.201,8.684
921,110.201,110.321,9.097
922,110.321,110.441,8.969
923,110.441,110.560,9.424
924,110.560,110.680,9.424
925,110.680,110.799,9.244
926,110.799,110.919,9.376
927,110.919,111.039,10.499
928,111.039,111.158,10.127
929,111.158,111.278,10.367
930,111.278,111.398,10.515
931,111.398,111.517,9.411
932,111.517,111.637,8.160
933,111.637,111.757,7.832
934,111.757,111.876,8.894
935,111.876,111.996,7.310
936,111.996,112.116,12.383
937,112.116,112.235,9.032
938,112.235,112.355,6.090
939,112.355,112.475,4.828
940,112.475,112.594,4.824
941,112.594,112.714,5.092
942,112.714,112.834,5.163
943,112.834,112.953,5.158
944,112.953,113.073,5.115
945,113.073,113.193,4.973
946,113.193,113.312,3.934
947,113.312,113.432,2.950
948,113.432,113.552,11.427
949,113.552,113.671,5.604
950,113.671,113.791,1.887
951,113.791,113.910,0.846
952,113.910,114.030,0.936
953,114.030,114.150,4.077
954,114.150,114.269,4.774
955,114.269,114.389,3.716
956,114.389,114.509,3.630
957,114.509,114.628,3.680
958,114.628,114.748,3.720
959,114.748,114.868,3.652
960,114.868,114.987,3.705
961,114.987,115.107,3.675
962,115.107,115.227,3.672
963,115.227,115.346,3.935
964,115.346,115.466,4.003
965,115.466,115.586,4.360
966,115.586,115.705,12.773
967,115.705,115.825,3.839
968,115.825,115.945,3.969
969,115.945,116.064,3.970
970,116.064,116.184,4.005
971,116.184,116.304,4.105
972,116.304,116.423,4.068
973,116.423,116.543,3.350
974,116.543,116.663,2.089
975,116.663,116.782,1.173
976,116.782,116.902,1.123
977,116.902,117.021,0.078
978,117.021,117.141,0.063
979,117.141,117.261,0.132
980,117.261,117.380,0.180
981,117.380,117.500,0.067
982,117.500,117.620,0.205
983,117.620,117.739,0.040
984,117.739,117.859,0.273
985,117.859,117.979,2.811
986,117.979,118.098,4.133
987,118.098,118.218,4.717
988,118.218,118.338,3.995
989,118.338,118.457,3.499
990,118.457,118.577,3.649
991,118.577,118.697,0.195
992,118.697,118.816,0.030
993,118.816,118.936,0.106
994,118.936,119.056,1.327
995,119.056,119.175,0.859
996,119.175,119.295,1.366
997,119.295,119.415,0.571
998,119.415,119.534,1.673
999,119.534,119.654,0.543
